id,character,dialogue,expression,standName,,,,,
1,나,여긴… 어디지?,player01,player,,,,,
2,,머리가 깨질 듯이 아프다. 보이는 것이라곤 끝없이 펼쳐진 광활한 공간.,,,,,,,
3,,"바닥에는 발목이 겨우 잠길 정도의 물이 고여있고, 어디선가 불어온 스산한 바람이 머리를 흐트러뜨린다.",,,,,,,
4,???,이곳은 스틱스라고 한다.,god00,god,,,,,
5,,"등 뒤에서 들려온 목소리에 뒤를 돌아보자, 그곳에는 누군가가 서있다.",,,,,,,
6,,"남성인지 여성인지. 아니, 사람이 맞기는 한지조차 의문스러운 외형.",,,,,,,
7,나,스틱스?,player01,player,,,,,
8,???,이승과 저승을 나누며 흐르는 강물. 모든 사람이 언젠가 도달하는 곳이지.,god00,god,,,,,
9,,"그 두 문장 속에서, 나는 싸늘한 진실에 도달할 수 있었다.",,,,,,,
10,나,"그렇단 건, 저는 죽은 겁니까?",player02,player,,,,,
11,???,그렇지 않다.,god00,god,,,,,
12,나,하지만 이곳에 왔다는 건….,player02,player,,,,,
13,???,"이곳은 어디까지나 경계. 산 사람의 땅도, 죽은 사람의 땅도 아니다. 엄밀히 이야기하자면 죽어가는 자들이 속해있는 곳이겠지.",god00,god,,,,,
14,,"그 말은 즉, 지금의 내가 죽어가고 있다는 뜻.",,,,,,,
15,,"그러나 내 몸은 어딜 보아도 멀쩡하다. 심지어 지끈거리던 두통마저도 가라앉은채, 지금은 의식마저도 선명했다.",,,,,,,
16,,"그 덕분인지, 지금의 상황에서 가장 중요한 것이 무엇인지도 금방 떠올랐다.",,,,,,,
17,나,그럼 살아날 방법도 있는 겁니까?,player04,player,,,,,
18,???,방법이라면 있다.,god00,god,,,,,
19,나,무엇입니까?,player04,player,,,,,
20,???,이곳에서 내 심판을 받는 것이지.,god00,god,,,,,
21,나,심판?,player01,player,,,,,
22,???,"다시 살아갈 기회(AND)를 주는 것이 옳은 지, 혹은 영원한 안식(END)를 주는 것이 옳은 지. 그것을 판단하는 것이 나의 일이다.",god00,god,,,,,
23,,죽어가는 자들의 생사를 결정하는 심판관.,,,,,,,
24,,나는 그제야 눈앞의 존재가 그런 초월적인 권능을 지닌 존재임을 깨달았다.,,,,,,,
25,나,당신은 대체 누구십니까?,player02,player,,,,,
26,유스티티아,"내 이름은 유스티티아. 너희가 생각하는 심판의 잣대이자, 달리 말하면 정의가 곧 내 본질이다.",god00,god,,,,,
27,,자기소개를 마친 그의 손에는 어느새 법봉이 들려있었다.,,,,,,,
28,유스티티아,"그럼, 이제 죄인의 심판을 시작하도록 하겠다.",god00,god,,,,,
29,유스티티아,죄인의 이름은?,god00,god,,,,,
30,나,이름?,player02,player,,,,,
31,,"모른다. 아무리 머릿속을 헤집어봐도 내 이름이 도저히 기억나질 않는다. 아니, 애초에 내가 누구였지?",,,,,,,
32,유스티티아,나이는? 직업은? 사는 곳은?,god00,god,,,,,
33,나,…모르겠습니다.,player01,player,(CG),<CG00>,,,
34,,발 아래에 고인 물에 비친 내 모습을 바라본다.,,,,,,,
35,,"하얀 가운, 덥수룩한 머리, 피로에 찌든 얼굴.",,,,,,,
36,,"익숙한 모습이지만, 그 익숙함은 내가 누구인지로 연결되지 않는다.",,,(CG),</CG00>,,,
37,유스티티아,흐음… 이래서야 심판을 계속 진행하기엔 무리가 있겠군.,god00,god,,,,,
38,나,예? 그럼 저는 어떻게 되는 겁니까?,player01,player,,,,,
39,유스티티아,"심판을 받아야할 죄인은 지금 이 시간에도 계속 쌓이고 있으니, 그대의 기억이 돌아올 때까지 기다려줄 여유는 없다. 그러니 일단 보류다.",god00,god,,,,,
40,나,보류라고요?,player01,player,,,,,
41,,이걸 좋아해야할지 말아야할지 모르겠는 상황.,,,,,,,
42,,"그때 그의 로브 아래, 드리운 그림자 속에서 입꼬리가 올라가는 모습을 본듯한 기분이 들었다.",,,,,,,
43,유스티티아,"좋아, 그럼 무작정 기다리고 있는 것도 무료할 테니. 그대에게도 업무를 나눠주마. 기억을 되찾는 데에 도움이 될 지도 모르고.",god00,god,,,,,
44,나,잠시만! 업무라면….,player01,player,,,,,
45,,과연 내가 그런 중요한 일에 관여해도 되는 것인지 따져 물으려던 때였다.,,,,,,,
46,유스티티아,"아 참, 위를 조심하거라.",god00,god,,,,,
47,,"나는 그의 손끝이 향하는 위쪽을 바라보았고, 그곳에는….",,,(CG),<CG01>,,,
48,,소녀가 떨어지고 있었다.,,,(CG),</CG01>,,(CG),<CG02>
S2,,,,,,,,,
49,,갑자기 하늘에서 소녀가 떨어졌다.,,,,,,,
50,,죽은 듯 누워있는 단정한 교복 차림의 소녀.,,,,,,,
51,,그 모습을 물끄러미 내려다보고 있으려니...,,,,,,,
52,???,으아악!!,yujeong06,yujeong,,,,,
53,나,우와아악!,player01,player,,,,,
54,???,"헐, 대박! 살았잖아?!",yujeong04,yujeong,,,,,
55,,멀쩡한 자신의 몸이 신기한 듯 더듬던 소녀가 주위를 둘러보기 시작한다.,,,,,,,
56,???,그런데 여긴 어디지? 우리 동네에 이런 곳이 있었던가?,yujeong04,yujeong,,,,,
57,나,저기.....,player01,player,,,,,
58,???,"아, 그러고 보니 쌤은 누구세요?",yujeong04,yujeong,,,,,
59,나,쌤..?,player01,player,,,,,
60,???,의사쌤같은 가운을 걸치고 계시잖아요.,yujeong03,yujeong,,,,,
61,,"의사라… 그랬을지도 모르겠다. 어쨌든, 그게 중요한 건 아니지만.",player00,,,,,,
62,,그때 시선이 교복에 새겨진 명찰로 향한다.,,,,,,,
63,,[김유정],,,,,,,
64,나,유정? 이름이 유정이니?,player04,player,,,,,
65,유정,어떻게 아셨어요? 저를 아세요?,yujeong04,yujeong,,,,,
66,나,명찰에..,player02,player,,,,,
67,유정,아! 그렇네요! 헤헤..,yujeong02,yujeong,,,,,
68,,꽃처럼 해맑게 웃는 소녀.,,,,,,,
69,,차마 지금의 그녀가 어떤 상황인지 말해줄 엄두가 나지 않아 입술을 떼었다 다시 붙이길 수차례.,,,,,,,
70,,그런 나를 의아한듯 바라보던 소녀가 먼저 입을 열었다.,,,,,,,
71,유정,"그런데요 쌤, 혹시 여기서 저희 집으로 가려면 어떻게 가야하는지 아세요?",yujeong04,yujeong,,,,,
72,나,집이 어디에 있는데?,player03,player,,,,,
73,유정,서울시 운람구 달그늘동이요!,yujeong03,yujeong,,,,,
74,,달그늘동이라면… 내 기억에도 있는 주소다.,,,,,,,
75,,다만 내가 거주하던 곳은 아니었다. 하지만 못지않게 오래 머물던 곳이었던 것 같다.,,,,,,,
76,,높이 쌓아 올려진 신축 빌딩들이 빽빽하게 늘어서 있던 장면이 머릿속을 스쳐지나간다.,,,,,,,
77,,원래라면 교통수단을 안내해줄 수 있겠지만. 불행히도 이곳엔 택시도 버스도 다니지 않는다. 그야….,,,,,,,
78,나,미안. 사실 여긴 서울이 아니야.,player00,player,,,,,
79,유정,네?,yujeong04,yujeong,,,,,
80,나,솔직히 나도 믿기진 않지만… 여긴 스틱스. 저승과 이승 사이의 공간이라는 모양이야.,player02,player,,,,,
81,,저승과 이승 사이의 공간. 그 말을 들은 소녀의 동공이 흔들린다.,,,,,,,
82,,짐작이 가는 것이 있는 모양.,,,,,,,
83,나,뭔가 생각나는 게 있어?,player00,player,,,,,
84,유정,...떨어졌어요.,yujeong05,yujeong,,,,,
85,나,떨어져?,player04,player,,,,,
86,유정,그러니까... 그게.....,yujeong06,yujeong,,,,,
87,,"그 순간, 유정의 감정에 동요한 듯 발목에 머물던 얕은 강물이 일렁이기 시작했다.",,,,,,,
88,,물결은 점차 거세지며 불규칙한 소용돌이를 만들어낸다.,,,,,,,
89,,쏴아아아아-,,,,,,,
90,,"중력을 거스르듯, 하늘로 솟구치는 흑연빛 강물.",,,,,,,
91,,그것은 피할 새도 없이 머리 위로 무너져 내리며 우리를 집어삼켰다.,,,,,,,
92,나,"큭, 이게 무슨…! ",player01,player,,,,,
93,,꼬르르륵...,,,,,,,
94,,순식간에 시야는 까만 물속으로 완전히 잠긴다.,,,,,,,
95,,"빛도 소리도 없는, 마치 우주처럼 먹먹한 공간 속.",,,,,,,
96,,강바닥의 인력만이 나를 끌어당겨 끝없이 심연으로 가라앉힌다.,,,,,,,
97,나,"(젠장, 숨을 쉴수가 없어…! 죽는 건가….)",player01,player,,,,,
98,,"그때, 가라앉는 나를 스쳐지나가기 시작하는 다채로운 풍경들.",,,,,,,
99,,운동회. 생일파티. 놀이공원.,,,,,,,
100,,"내가 아닌, 아마도 다른 누군가의 기억들.",,,,,,,
101,유스티티아,"지금 보는 풍경을, 인간들은 주마등이라 부르더군.",god00,god,,,,,
102,나,(주마등? 이걸 왜 나한테 보여주는 거지?),player01,player,,,,,
103,유스티티아,아무런 정보도 없이 심판을 내릴 수는 없으니까.,god00,god,,,,,
104,나,(심판?),player01,player,,,,,
105,유스티티아,"그래, 심판. 그대의 눈으로 직접 보고 심판하거라.",god00,god,,,,,
106,,"어깨 너머로 뻗어진 뼈처럼 가느다란 손이, 저 너머에서 추락하는 소녀를 가리켰다.",,,,,,,
107,유스티티아,"죄인에게 기회를 줄지, 혹은 안식을 부여할지.",god00,god,,,,,
108,,그 순간 등에 닿는 단단한 감촉.,,,,,,,
109,,낙하가 멈췄다.,,,,,,,
110,나,여긴….?,player01,player,,,,,
111,,옥상. 아마도 어느 학교의 옥상이다.,,,,,,,
